{
    "name": "root",
    "gauges": {
        "Badminton.Policy.Entropy.mean": {
            "value": 3.8465123176574707,
            "min": 3.8465123176574707,
            "max": 3.9827780723571777,
            "count": 48
        },
        "Badminton.Policy.Entropy.sum": {
            "value": 77791.8671875,
            "min": 63835.30078125,
            "max": 103165.96875,
            "count": 48
        },
        "Badminton.Environment.EpisodeLength.mean": {
            "value": 21.743181818181817,
            "min": 19.590389016018307,
            "max": 63.5013698630137,
            "count": 48
        },
        "Badminton.Environment.EpisodeLength.sum": {
            "value": 19134.0,
            "min": 11442.0,
            "max": 46356.0,
            "count": 48
        },
        "Badminton.Step.mean": {
            "value": 959993.0,
            "min": 19994.0,
            "max": 959993.0,
            "count": 48
        },
        "Badminton.Step.sum": {
            "value": 959993.0,
            "min": 19994.0,
            "max": 959993.0,
            "count": 48
        },
        "Badminton.Policy.ExtrinsicValueEstimate.mean": {
            "value": -0.00047269140486605465,
            "min": -0.0029476615600287914,
            "max": 0.014972765929996967,
            "count": 48
        },
        "Badminton.Policy.ExtrinsicValueEstimate.sum": {
            "value": -0.4159684479236603,
            "min": -2.1606359481811523,
            "max": 14.074399948120117,
            "count": 48
        },
        "Badminton.Environment.CumulativeReward.mean": {
            "value": 0.005681818181818182,
            "min": 0.0,
            "max": 0.009302325581395349,
            "count": 48
        },
        "Badminton.Environment.CumulativeReward.sum": {
            "value": 5.0,
            "min": 0.0,
            "max": 6.0,
            "count": 48
        },
        "Badminton.Policy.ExtrinsicReward.mean": {
            "value": 0.005681818181818182,
            "min": 0.0,
            "max": 0.009302325581395349,
            "count": 48
        },
        "Badminton.Policy.ExtrinsicReward.sum": {
            "value": 5.0,
            "min": 0.0,
            "max": 6.0,
            "count": 48
        },
        "Badminton.IsTraining.mean": {
            "value": 1.0,
            "min": 1.0,
            "max": 1.0,
            "count": 48
        },
        "Badminton.IsTraining.sum": {
            "value": 1.0,
            "min": 1.0,
            "max": 1.0,
            "count": 48
        },
        "Badminton.Losses.PolicyLoss.mean": {
            "value": 0.018937949847895652,
            "min": 0.012722880119690671,
            "max": 0.02112597702362109,
            "count": 46
        },
        "Badminton.Losses.PolicyLoss.sum": {
            "value": 0.018937949847895652,
            "min": 0.012722880119690671,
            "max": 0.02112597702362109,
            "count": 46
        },
        "Badminton.Losses.ValueLoss.mean": {
            "value": 0.0007706079450144898,
            "min": 0.00022615786401729564,
            "max": 0.021634387760423125,
            "count": 46
        },
        "Badminton.Losses.ValueLoss.sum": {
            "value": 0.0007706079450144898,
            "min": 0.00022615786401729564,
            "max": 0.021634387760423125,
            "count": 46
        },
        "Badminton.Policy.LearningRate.mean": {
            "value": 0.0002,
            "min": 0.0002,
            "max": 0.0002,
            "count": 46
        },
        "Badminton.Policy.LearningRate.sum": {
            "value": 0.0002,
            "min": 0.0002,
            "max": 0.0002,
            "count": 46
        },
        "Badminton.Policy.Epsilon.mean": {
            "value": 0.15,
            "min": 0.15,
            "max": 0.15,
            "count": 46
        },
        "Badminton.Policy.Epsilon.sum": {
            "value": 0.15,
            "min": 0.15,
            "max": 0.15,
            "count": 46
        },
        "Badminton.Policy.Beta.mean": {
            "value": 0.003,
            "min": 0.003,
            "max": 0.003,
            "count": 46
        },
        "Badminton.Policy.Beta.sum": {
            "value": 0.003,
            "min": 0.003,
            "max": 0.003,
            "count": 46
        }
    },
    "metadata": {
        "timer_format_version": "0.1.0",
        "start_time_seconds": "1732999263",
        "python_version": "3.10.11 (tags/v3.10.11:7d4cc5a, Apr  5 2023, 00:38:17) [MSC v.1929 64 bit (AMD64)]",
        "command_line_arguments": "C:\\Users\\auchu\\OneDrive\\GitHub\\venvtestmlagents2\\Scripts\\mlagents-learn config/Badminton.yaml --run-id=VB_1 --time-scale=1 --force",
        "mlagents_version": "1.0.0",
        "mlagents_envs_version": "1.0.0",
        "communication_protocol_version": "1.5.0",
        "pytorch_version": "2.2.2+cu121",
        "numpy_version": "1.22.0",
        "end_time_seconds": "1733003966"
    },
    "total": 4703.009633300011,
    "count": 1,
    "self": 0.012840800103731453,
    "children": {
        "run_training.setup": {
            "total": 0.2960038000019267,
            "count": 1,
            "self": 0.2960038000019267
        },
        "TrainerController.start_learning": {
            "total": 4702.700788699905,
            "count": 1,
            "self": 2.47649589413777,
            "children": {
                "TrainerController._reset_env": {
                    "total": 13.736680099973455,
                    "count": 1,
                    "self": 13.736680099973455
                },
                "TrainerController.advance": {
                    "total": 4686.208318305784,
                    "count": 44788,
                    "self": 2.448161605745554,
                    "children": {
                        "env_step": {
                            "total": 3745.9966296994826,
                            "count": 44788,
                            "self": 3364.3392843917245,
                            "children": {
                                "SubprocessEnvManager._take_step": {
                                    "total": 380.11055720609147,
                                    "count": 44788,
                                    "self": 11.052226009080186,
                                    "children": {
                                        "TorchPolicy.evaluate": {
                                            "total": 369.0583311970113,
                                            "count": 60658,
                                            "self": 369.0583311970113
                                        }
                                    }
                                },
                                "workers": {
                                    "total": 1.546788101666607,
                                    "count": 44788,
                                    "self": 0.0,
                                    "children": {
                                        "worker_root": {
                                            "total": 4684.180609707837,
                                            "count": 44788,
                                            "is_parallel": true,
                                            "self": 1525.9992533229524,
                                            "children": {
                                                "steps_from_proto": {
                                                    "total": 0.006813200074248016,
                                                    "count": 2,
                                                    "is_parallel": true,
                                                    "self": 0.0015453000087291002,