{
    "name": "root",
    "gauges": {
        "Badminton.Policy.Entropy.mean": {
            "value": 3.7513113021850586,
            "min": 3.7513113021850586,
            "max": 3.983731508255005,
            "count": 35
        },
        "Badminton.Policy.Entropy.sum": {
            "value": 74666.1015625,
            "min": 74666.1015625,
            "max": 80988.828125,
            "count": 35
        },
        "Badminton.Environment.EpisodeLength.mean": {
            "value": 22.566037735849058,
            "min": 20.34188034188034,
            "max": 23.58968058968059,
            "count": 35
        },
        "Badminton.Environment.EpisodeLength.sum": {
            "value": 19136.0,
            "min": 19022.0,
            "max": 19202.0,
            "count": 35
        },
        "Badminton.Step.mean": {
            "value": 699979.0,
            "min": 19994.0,
            "max": 699979.0,
            "count": 35
        },
        "Badminton.Step.sum": {
            "value": 699979.0,
            "min": 19994.0,
            "max": 699979.0,
            "count": 35
        },
        "Badminton.Policy.ExtrinsicValueEstimate.mean": {
            "value": 0.021394064649939537,
            "min": -0.12037138640880585,
            "max": 0.021394064649939537,
            "count": 35
        },
        "Badminton.Policy.ExtrinsicValueEstimate.sum": {
            "value": 18.142166137695312,
            "min": -112.30650329589844,
            "max": 18.142166137695312,
            "count": 35
        },
        "Badminton.Environment.CumulativeReward.mean": {
            "value": 0.01768867924528302,
            "min": 0.0010857763300760044,
            "max": 0.02140309155766944,
            "count": 35
        },
        "Badminton.Environment.CumulativeReward.sum": {
            "value": 15.0,
            "min": 1.0,
            "max": 18.0,
            "count": 35
        },
        "Badminton.Policy.ExtrinsicReward.mean": {
            "value": 0.01768867924528302,
            "min": 0.0010857763300760044,
            "max": 0.02140309155766944,
            "count": 35
        },
        "Badminton.Policy.ExtrinsicReward.sum": {
            "value": 15.0,
            "min": 1.0,
            "max": 18.0,
            "count": 35
        },
        "Badminton.IsTraining.mean": {
            "value": 1.0,
            "min": 1.0,
            "max": 1.0,
            "count": 35
        },
        "Badminton.IsTraining.sum": {
            "value": 1.0,
            "min": 1.0,
            "max": 1.0,
            "count": 35
        },
        "Badminton.Losses.PolicyLoss.mean": {
            "value": 0.014868411113275215,
            "min": 0.01285995338112116,
            "max": 0.022031369249452835,
            "count": 34
        },
        "Badminton.Losses.PolicyLoss.sum": {
            "value": 0.014868411113275215,
            "min": 0.01285995338112116,
            "max": 0.022031369249452835,
            "count": 34
        },
        "Badminton.Losses.ValueLoss.mean": {
            "value": 0.004381637496408075,
            "min": 0.0009741043715621345,
            "max": 0.02869457327760756,
            "count": 34
        },
        "Badminton.Losses.ValueLoss.sum": {
            "value": 0.004381637496408075,
            "min": 0.0009741043715621345,
            "max": 0.02869457327760756,
            "count": 34
        },
        "Badminton.Policy.LearningRate.mean": {
            "value": 0.0002,
            "min": 0.0002,
            "max": 0.0002,
            "count": 34
        },
        "Badminton.Policy.LearningRate.sum": {
            "value": 0.0002,
            "min": 0.0002,
            "max": 0.0002,
            "count": 34
        },
        "Badminton.Policy.Epsilon.mean": {
            "value": 0.15,
            "min": 0.15,
            "max": 0.15,
            "count": 34
        },
        "Badminton.Policy.Epsilon.sum": {
            "value": 0.15,
            "min": 0.15,
            "max": 0.15,
            "count": 34
        },
        "Badminton.Policy.Beta.mean": {
            "value": 0.003,
            "min": 0.003,
            "max": 0.003,
            "count": 34
        },
        "Badminton.Policy.Beta.sum": {
            "value": 0.003,
            "min": 0.003,
            "max": 0.003,
            "count": 34
        }
    },
    "metadata": {
        "timer_format_version": "0.1.0",
        "start_time_seconds": "1744157067",
        "python_version": "3.10.11 (tags/v3.10.11:7d4cc5a, Apr  5 2023, 00:38:17) [MSC v.1929 64 bit (AMD64)]",
        "command_line_arguments": "C:\\Users\\auchu\\OneDrive\\GitHub\\venvtestmlagents2\\Scripts\\mlagents-learn config/Badminton.yaml --run-id=VB_1 --time-scale=1 --force",
        "mlagents_version": "1.0.0",
        "mlagents_envs_version": "1.0.0",
        "communication_protocol_version": "1.5.0",
        "pytorch_version": "2.2.2+cu121",
        "numpy_version": "1.22.0",
        "end_time_seconds": "1744161509"
    },
    "total": 4442.1470752999885,
    "count": 1,
    "self": 0.01612139993812889,
    "children": {
        "run_training.setup": {
            "total": 0.1470656000310555,
            "count": 1,
            "self": 0.1470656000310555
        },
        "TrainerController.start_learning": {
            "total": 4441.983888300019,
            "count": 1,
            "self": 2.657292487914674,
            "children": {
                "TrainerController._reset_env": {
                    "total": 16.045693999971263,
                    "count": 1,
                    "self": 16.045693999971263
                },
                "TrainerController.advance": {
                    "total": 4422.860213812091,
                    "count": 34067,
                    "self": 2.691314722876996,
                    "children": {
                        "env_step": {
                            "total": 3527.7726130998926,
                            "count": 34067,
                            "self": 3114.6204190246062,
                            "children": {
                                "SubprocessEnvManager._take_step": {
                                    "total": 411.4628252964467,
                                    "count": 34067,
                                    "self": 11.682962605613284,
                                    "children": {
                                        "TorchPolicy.evaluate": {
                                            "total": 399.7798626908334,
                                            "count": 44498,
                                            "self": 399.7798626908334
                                        }
                                    }
                                },
                                "workers": {
                                    "total": 1.6893687788397074,
                                    "count": 34067,
                                    "self": 0.0,
                                    "children": {
                                        "worker_root": {
                                            "total": 4425.574175594957,
                                            "count": 34067,
                                            "is_parallel": true,
                                            "self": 1533.2589558991604,
                                            "children": {
                                                "steps_from_proto": {
                                                    "total": 0.002139999996870756,
                                                    "count": 2,
                                                    "is_parallel": true,
                                                    "self": 0.0011079000541940331,