{
    "name": "root",
    "gauges": {
        "Badminton.Policy.Entropy.mean": {
            "value": 2.7841439247131348,
            "min": 2.7787258625030518,
            "max": 3.738760471343994,
            "count": 72
        },
        "Badminton.Policy.Entropy.sum": {
            "value": 57108.359375,
            "min": 33499.29296875,
            "max": 74521.4296875,
            "count": 72
        },
        "Badminton.Environment.EpisodeLength.mean": {
            "value": 82.10924369747899,
            "min": 22.49171270718232,
            "max": 87.73451327433628,
            "count": 72
        },
        "Badminton.Environment.EpisodeLength.sum": {
            "value": 19542.0,
            "min": 8142.0,
            "max": 20186.0,
            "count": 72
        },
        "Badminton.Step.mean": {
            "value": 2139981.0,
            "min": 719991.0,
            "max": 2139981.0,
            "count": 72
        },
        "Badminton.Step.sum": {
            "value": 2139981.0,
            "min": 719991.0,
            "max": 2139981.0,
            "count": 72
        },
        "Badminton.Policy.ExtrinsicValueEstimate.mean": {
            "value": 0.19327588379383087,
            "min": 0.014442317187786102,
            "max": 0.2225666046142578,
            "count": 72
        },
        "Badminton.Policy.ExtrinsicValueEstimate.sum": {
            "value": 45.99966049194336,
            "min": 7.3904709815979,
            "max": 59.506317138671875,
            "count": 72
        },
        "Badminton.Environment.CumulativeReward.mean": {
            "value": 0.9201680672268907,
            "min": 0.0221606648199446,
            "max": 1.079646017699115,
            "count": 72
        },
        "Badminton.Environment.CumulativeReward.sum": {
            "value": 219.0,
            "min": 8.0,
            "max": 250.0,
            "count": 72
        },
        "Badminton.Policy.ExtrinsicReward.mean": {
            "value": 0.9201680672268907,
            "min": 0.0221606648199446,
            "max": 1.079646017699115,
            "count": 72
        },
        "Badminton.Policy.ExtrinsicReward.sum": {
            "value": 219.0,
            "min": 8.0,
            "max": 250.0,
            "count": 72
        },
        "Badminton.IsTraining.mean": {
            "value": 1.0,
            "min": 1.0,
            "max": 1.0,
            "count": 72
        },
        "Badminton.IsTraining.sum": {
            "value": 1.0,
            "min": 1.0,
            "max": 1.0,
            "count": 72
        },
        "Badminton.Losses.PolicyLoss.mean": {
            "value": 0.02078308388008736,
            "min": 0.013215742274769581,
            "max": 0.023268462799023837,
            "count": 69
        },
        "Badminton.Losses.PolicyLoss.sum": {
            "value": 0.02078308388008736,
            "min": 0.013215742274769581,
            "max": 0.023268462799023837,
            "count": 69
        },
        "Badminton.Losses.ValueLoss.mean": {
            "value": 0.0542737097479403,
            "min": 0.006129002757370472,
            "max": 0.06682912688702344,
            "count": 69
        },
        "Badminton.Losses.ValueLoss.sum": {
            "value": 0.0542737097479403,
            "min": 0.006129002757370472,
            "max": 0.06682912688702344,
            "count": 69
        },
        "Badminton.Policy.LearningRate.mean": {
            "value": 0.0002,
            "min": 0.0002,
            "max": 0.0002,
            "count": 69
        },
        "Badminton.Policy.LearningRate.sum": {
            "value": 0.0002,
            "min": 0.0002,
            "max": 0.0002,
            "count": 69
        },
        "Badminton.Policy.Epsilon.mean": {
            "value": 0.15,
            "min": 0.15,
            "max": 0.15,
            "count": 69
        },
        "Badminton.Policy.Epsilon.sum": {
            "value": 0.15,
            "min": 0.15,
            "max": 0.15,
            "count": 69
        },
        "Badminton.Policy.Beta.mean": {
            "value": 0.003,
            "min": 0.003,
            "max": 0.003,
            "count": 69
        },
        "Badminton.Policy.Beta.sum": {
            "value": 0.003,
            "min": 0.003,
            "max": 0.003,
            "count": 69
        }
    },
    "metadata": {
        "timer_format_version": "0.1.0",
        "start_time_seconds": "1744243995",
        "python_version": "3.10.11 (tags/v3.10.11:7d4cc5a, Apr  5 2023, 00:38:17) [MSC v.1929 64 bit (AMD64)]",
        "command_line_arguments": "C:\\Users\\auchu\\OneDrive\\GitHub\\venvtestmlagents2\\Scripts\\mlagents-learn config/Badminton.yaml --run-id=VB_1 --time-scale=1 --resume",
        "mlagents_version": "1.0.0",
        "mlagents_envs_version": "1.0.0",
        "communication_protocol_version": "1.5.0",
        "pytorch_version": "2.2.2+cu121",
        "numpy_version": "1.22.0",
        "end_time_seconds": "1744252147"
    },
    "total": 8152.167288700002,
    "count": 1,
    "self": 0.019667199929244816,
    "children": {
        "run_training.setup": {
            "total": 0.22974390001036227,
            "count": 1,
            "self": 0.22974390001036227
        },
        "TrainerController.start_learning": {
            "total": 8151.917877600063,
            "count": 1,
            "self": 3.707838903530501,
            "children": {
                "TrainerController._reset_env": {
                    "total": 12.314733500010334,
                    "count": 1,
                    "self": 12.314733500010334
                },
                "TrainerController.advance": {
                    "total": 8135.620239296579,
                    "count": 57586,
                    "self": 3.815475982846692,
                    "children": {
                        "env_step": {
                            "total": 6571.6565797074,
                            "count": 57586,
                            "self": 5872.024775038823,
                            "children": {
                                "SubprocessEnvManager._take_step": {
                                    "total": 697.2084112805314,
                                    "count": 57586,
                                    "self": 19.62238578440156,
                                    "children": {
                                        "TorchPolicy.evaluate": {
                                            "total": 677.5860254961299,
                                            "count": 90114,
                                            "self": 677.5860254961299
                                        }
                                    }
                                },
                                "workers": {
                                    "total": 2.4233933880459517,
                                    "count": 57586,
                                    "self": 0.0,
                                    "children": {
                                        "worker_root": {
                                            "total": 8136.5232377096545,
                                            "count": 57586,
                                            "is_parallel": true,
                                            "self": 2608.0971423190786,
                                            "children": {
                                                "steps_from_proto": {
                                                    "total": 0.012098300037905574,
                                                    "count": 2,
                                                    "is_parallel": true,
                                                    "self": 0.0017649999354034662,