{
    "name": "root",
    "gauges": {
        "Badminton.Policy.Entropy.mean": {
            "value": 3.57318377494812,
            "min": 3.558350086212158,
            "max": 3.6514625549316406,
            "count": 34
        },
        "Badminton.Policy.Entropy.sum": {
            "value": 72035.3828125,
            "min": 5256.0419921875,
            "max": 76250.421875,
            "count": 34
        },
        "Badminton.Environment.EpisodeLength.mean": {
            "value": 21.088105726872246,
            "min": 20.31063829787234,
            "max": 22.68483412322275,
            "count": 34
        },
        "Badminton.Environment.EpisodeLength.sum": {
            "value": 19148.0,
            "min": 1204.0,
            "max": 19150.0,
            "count": 34
        },
        "Badminton.Step.mean": {
            "value": 4119993.0,
            "min": 3459980.0,
            "max": 4119993.0,
            "count": 34
        },
        "Badminton.Step.sum": {
            "value": 4119993.0,
            "min": 3459980.0,
            "max": 4119993.0,
            "count": 34
        },
        "Badminton.Policy.ExtrinsicValueEstimate.mean": {
            "value": 0.0045475647784769535,
            "min": -0.0020410793367773294,
            "max": 0.008754541166126728,
            "count": 34
        },
        "Badminton.Policy.ExtrinsicValueEstimate.sum": {
            "value": 4.120093822479248,
            "min": -1.8022730350494385,
            "max": 7.756523609161377,
            "count": 34
        },
        "Badminton.Environment.CumulativeReward.mean": {
            "value": 0.00772626931567329,
            "min": 0.0,
            "max": 0.011943539630836048,
            "count": 34
        },
        "Badminton.Environment.CumulativeReward.sum": {
            "value": 7.0,
            "min": 0.0,
            "max": 11.0,
            "count": 34
        },
        "Badminton.Policy.ExtrinsicReward.mean": {
            "value": 0.00772626931567329,
            "min": 0.0,
            "max": 0.011943539630836048,
            "count": 34
        },
        "Badminton.Policy.ExtrinsicReward.sum": {
            "value": 7.0,
            "min": 0.0,
            "max": 11.0,
            "count": 34
        },
        "Badminton.IsTraining.mean": {
            "value": 1.0,
            "min": 1.0,
            "max": 1.0,
            "count": 34
        },
        "Badminton.IsTraining.sum": {
            "value": 1.0,
            "min": 1.0,
            "max": 1.0,
            "count": 34
        },
        "Badminton.Losses.PolicyLoss.mean": {
            "value": 0.017652338201878594,
            "min": 0.01291548838489689,
            "max": 0.01923265202640323,
            "count": 32
        },
        "Badminton.Losses.PolicyLoss.sum": {
            "value": 0.017652338201878594,
            "min": 0.01291548838489689,
            "max": 0.01923265202640323,
            "count": 32
        },
        "Badminton.Losses.ValueLoss.mean": {
            "value": 0.0017969514417927712,
            "min": 0.0005156630129931727,
            "max": 0.0025963144813431426,
            "count": 32
        },
        "Badminton.Losses.ValueLoss.sum": {
            "value": 0.0017969514417927712,
            "min": 0.0005156630129931727,
            "max": 0.0025963144813431426,
            "count": 32
        },
        "Badminton.Policy.LearningRate.mean": {
            "value": 0.0002,
            "min": 0.0002,
            "max": 0.0002,
            "count": 32
        },
        "Badminton.Policy.LearningRate.sum": {
            "value": 0.0002,
            "min": 0.0002,
            "max": 0.0002,
            "count": 32
        },
        "Badminton.Policy.Epsilon.mean": {
            "value": 0.15,
            "min": 0.15,
            "max": 0.15,
            "count": 32
        },
        "Badminton.Policy.Epsilon.sum": {
            "value": 0.15,
            "min": 0.15,
            "max": 0.15,
            "count": 32
        },
        "Badminton.Policy.Beta.mean": {
            "value": 0.003,
            "min": 0.003,
            "max": 0.003,
            "count": 32
        },
        "Badminton.Policy.Beta.sum": {
            "value": 0.003,
            "min": 0.003,
            "max": 0.003,
            "count": 32
        }
    },
    "metadata": {
        "timer_format_version": "0.1.0",
        "start_time_seconds": "1734563355",
        "python_version": "3.10.11 (tags/v3.10.11:7d4cc5a, Apr  5 2023, 00:38:17) [MSC v.1929 64 bit (AMD64)]",
        "command_line_arguments": "C:\\Users\\auchu\\OneDrive\\GitHub\\venvtestmlagents2\\Scripts\\mlagents-learn config/Badminton.yaml --run-id=VB_1 --time-scale=1 --resume",
        "mlagents_version": "1.0.0",
        "mlagents_envs_version": "1.0.0",
        "communication_protocol_version": "1.5.0",
        "pytorch_version": "2.2.2+cu121",
        "numpy_version": "1.22.0",
        "end_time_seconds": "1734566587"
    },
    "total": 3231.916177999985,
    "count": 1,
    "self": 0.009105499950237572,
    "children": {
        "run_training.setup": {
            "total": 0.18010679999133572,
            "count": 1,
            "self": 0.18010679999133572
        },
        "TrainerController.start_learning": {
            "total": 3231.7269657000434,
            "count": 1,
            "self": 1.9115230001043528,
            "children": {
                "TrainerController._reset_env": {
                    "total": 12.780286499997601,
                    "count": 1,
                    "self": 12.780286499997601
                },
                "TrainerController.advance": {
                    "total": 3216.8746772999293,
                    "count": 31994,
                    "self": 1.857621710631065,
                    "children": {
                        "env_step": {
                            "total": 2555.698481492873,
                            "count": 31994,
                            "self": 2283.4609391987324,
                            "children": {
                                "SubprocessEnvManager._take_step": {
                                    "total": 271.1001628943486,
                                    "count": 31994,
                                    "self": 8.126404589798767,
                                    "children": {
                                        "TorchPolicy.evaluate": {
                                            "total": 262.97375830454985,
                                            "count": 41476,
                                            "self": 262.97375830454985
                                        }
                                    }
                                },
                                "workers": {
                                    "total": 1.1373793997918256,
                                    "count": 31993,
                                    "self": 0.0,
                                    "children": {
                                        "worker_root": {
                                            "total": 3213.393379798392,
                                            "count": 31993,
                                            "is_parallel": true,
                                            "self": 1085.5969189031166,
                                            "children": {
                                                "steps_from_proto": {
                                                    "total": 0.006958200014196336,
                                                    "count": 2,
                                                    "is_parallel": true,
                                                    "self": 0.0015596000012010336,