{"count":1,"self":4770.7615232,"total":8144.1790707,"children":{"InitializeActuators":{"count":32,"self":0.0019736,"total":0.0019736,"children":null},"InitializeSensors":{"count":32,"self":0.0019993999999999997,"total":0.0019993999999999997,"children":null},"AgentSendState":{"count":225282,"self":15.3984192,"total":72.4803297,"children":{"CollectObservations":{"count":1441824,"self":17.1308656,"total":17.1308652,"children":null},"WriteActionMask":{"count":1441824,"self":3.098664,"total":3.0986640999999997,"children":null},"RequestDecision":{"count":1441824,"self":11.2604248,"total":36.852381799999996,"children":{"AgentInfo.ToProto":{"count":1441824,"self":9.6182648,"total":25.591957299999997,"children":{"GenerateSensorData":{"count":1441824,"self":15.973692799999998,"total":15.973692199999999,"children":null}}}}}}},"DecideAction":{"count":225282,"self":3104.8372224,"total":3104.8372808,"children":null},"AgentAct":{"count":225282,"self":195.00001279999998,"total":195.0000073,"children":null},"AgentInfo.ToProto":{"count":33026,"self":0.4820172,"total":1.0930092999999999,"children":{"GenerateSensorData":{"count":33026,"self":0.61099209999999993,"total":0.61099209999999993,"children":null}}}},"gauges":{"Badminton.CumulativeReward":{"count":33026,"max":15,"min":0,"runningAverage":0.305213869,"value":1,"weightedAverage":1.09446216}},"metadata":{"timer_format_version":"0.1.0","start_time_seconds":"1744244003","unity_version":"2022.3.33f1","command_line_arguments":"C:\\Program Files\\Unity\\Hub\\Editor\\2022.3.33f1\\Editor\\Unity.exe -projectpath C:\\Users\\auchu\\OneDrive\\GitHub\\BadmintonML2 -useHub -hubIPC -cloudEnvironment production -licensingIpc LicenseClient-auchu -hubSessionId be557506-1f63-4f6b-9eb5-8ad0e2e65b67 -accessToken YOQdJmXRJkEIE_mQ3InMDNofzxB0Y_Rkz1rqL_GRdJM012f","communication_protocol_version":"1.5.0","com.unity.ml-agents_version":"2.0.1","scene_name":"SampleScene","end_time_seconds":"1744252147"}}