{
    "name": "root",
    "gauges": {
        "Badminton.Policy.Entropy.mean": {
            "value": 2.661407232284546,
            "min": 2.661407232284546,
            "max": 2.787604808807373,
            "count": 23
        },
        "Badminton.Policy.Entropy.sum": {
            "value": 53739.1328125,
            "min": 32029.390625,
            "max": 61009.79296875,
            "count": 23
        },
        "Badminton.Environment.EpisodeLength.mean": {
            "value": 86.82456140350877,
            "min": 61.19718309859155,
            "max": 105.85106382978724,
            "count": 23
        },
        "Badminton.Environment.EpisodeLength.sum": {
            "value": 19796.0,
            "min": 8690.0,
            "max": 20776.0,
            "count": 23
        },
        "Badminton.Step.mean": {
            "value": 2599963.0,
            "min": 2159998.0,
            "max": 2599963.0,
            "count": 23
        },
        "Badminton.Step.sum": {
            "value": 2599963.0,
            "min": 2159998.0,
            "max": 2599963.0,
            "count": 23
        },
        "Badminton.Policy.ExtrinsicValueEstimate.mean": {
            "value": 0.21900002658367157,
            "min": 0.1826934516429901,
            "max": 0.22381152212619781,
            "count": 23
        },
        "Badminton.Policy.ExtrinsicValueEstimate.sum": {
            "value": 49.9320068359375,
            "min": 25.577083587646484,
            "max": 57.54128646850586,
            "count": 23
        },
        "Badminton.Environment.CumulativeReward.mean": {
            "value": 0.9166666666666666,
            "min": 0.6765799256505576,
            "max": 1.2352941176470589,
            "count": 23
        },
        "Badminton.Environment.CumulativeReward.sum": {
            "value": 209.0,
            "min": 98.0,
            "max": 248.0,
            "count": 23
        },
        "Badminton.Policy.ExtrinsicReward.mean": {
            "value": 0.9166666666666666,
            "min": 0.6765799256505576,
            "max": 1.2352941176470589,
            "count": 23
        },
        "Badminton.Policy.ExtrinsicReward.sum": {
            "value": 209.0,
            "min": 98.0,
            "max": 248.0,
            "count": 23
        },
        "Badminton.IsTraining.mean": {
            "value": 1.0,
            "min": 1.0,
            "max": 1.0,
            "count": 23
        },
        "Badminton.IsTraining.sum": {
            "value": 1.0,
            "min": 1.0,
            "max": 1.0,
            "count": 23
        },
        "Badminton.Losses.PolicyLoss.mean": {
            "value": 0.01841577862505801,
            "min": 0.013864670170005412,
            "max": 0.020633750781416892,
            "count": 21
        },
        "Badminton.Losses.PolicyLoss.sum": {
            "value": 0.01841577862505801,
            "min": 0.013864670170005412,
            "max": 0.020633750781416892,
            "count": 21
        },
        "Badminton.Losses.ValueLoss.mean": {
            "value": 0.056509129516780374,
            "min": 0.047276769485324624,
            "max": 0.07187261991202831,
            "count": 21
        },
        "Badminton.Losses.ValueLoss.sum": {
            "value": 0.056509129516780374,
            "min": 0.047276769485324624,
            "max": 0.07187261991202831,
            "count": 21
        },
        "Badminton.Policy.LearningRate.mean": {
            "value": 0.0002,
            "min": 0.0002,
            "max": 0.0002,
            "count": 21
        },
        "Badminton.Policy.LearningRate.sum": {
            "value": 0.0002,
            "min": 0.0002,
            "max": 0.0002,
            "count": 21
        },
        "Badminton.Policy.Epsilon.mean": {
            "value": 0.15,
            "min": 0.15,
            "max": 0.15,
            "count": 21
        },
        "Badminton.Policy.Epsilon.sum": {
            "value": 0.15,
            "min": 0.15,
            "max": 0.15,
            "count": 21
        },
        "Badminton.Policy.Beta.mean": {
            "value": 0.003,
            "min": 0.003,
            "max": 0.003,
            "count": 21
        },
        "Badminton.Policy.Beta.sum": {
            "value": 0.003,
            "min": 0.003,
            "max": 0.003,
            "count": 21
        }
    },
    "metadata": {
        "timer_format_version": "0.1.0",
        "start_time_seconds": "1744256164",
        "python_version": "3.10.11 (tags/v3.10.11:7d4cc5a, Apr  5 2023, 00:38:17) [MSC v.1929 64 bit (AMD64)]",
        "command_line_arguments": "C:\\Users\\auchu\\OneDrive\\GitHub\\venvtestmlagents2\\Scripts\\mlagents-learn config/Badminton.yaml --run-id=VB_1 --time-scale=1 --resume",
        "mlagents_version": "1.0.0",
        "mlagents_envs_version": "1.0.0",
        "communication_protocol_version": "1.5.0",
        "pytorch_version": "2.2.2+cu121",
        "numpy_version": "1.22.0",
        "end_time_seconds": "1744258466"
    },
    "total": 2302.1743278000504,
    "count": 1,
    "self": 0.008850899990648031,
    "children": {
        "run_training.setup": {
            "total": 0.13818510004784912,
            "count": 1,
            "self": 0.13818510004784912
        },
        "TrainerController.start_learning": {
            "total": 2302.027291800012,
            "count": 1,
            "self": 0.9035086870426312,
            "children": {
                "TrainerController._reset_env": {
                    "total": 13.173765399958938,
                    "count": 1,
                    "self": 13.173765399958938
                },
                "TrainerController.advance": {
                    "total": 2287.79955071304,
                    "count": 16071,
                    "self": 0.983594712219201,
                    "children": {
                        "env_step": {
                            "total": 1919.7050907002995,
                            "count": 16071,
                            "self": 1726.1024982073577,
                            "children": {
                                "SubprocessEnvManager._take_step": {
                                    "total": 192.98747819010168,
                                    "count": 16071,
                                    "self": 5.375899692764506,
                                    "children": {
                                        "TorchPolicy.evaluate": {
                                            "total": 187.61157849733718,
                                            "count": 28268,
                                            "self": 187.61157849733718
                                        }
                                    }
                                },
                                "workers": {
                                    "total": 0.6151143028400838,
                                    "count": 16070,
                                    "self": 0.0,
                                    "children": {
                                        "worker_root": {
                                            "total": 2281.858341398067,
                                            "count": 16070,
                                            "is_parallel": true,
                                            "self": 657.7275333019206,
                                            "children": {
                                                "steps_from_proto": {
                                                    "total": 0.0007727000629529357,
                                                    "count": 2,
                                                    "is_parallel": true,
                                                    "self": 0.00039400020614266396,